Grammy,Year,Category,Main Artist,Artist,Cleaned Song or Album,Song or Album,Win,Cleaned Main Artist,Wiki URL,ArtistID,Song ID
67,2024,Record Of The Year,Kendrick Lamar,Kendrick Lamar,Not Like Us,Not Like Us,1,Kendrick Lamar,https://en.wikipedia.org/wiki/Kendrick_Lamar,A1382,S133800
67,2024,Record Of The Year,Taylor Swift,Taylor Swift Featuring Post Malone,Fortnight,Fortnight,0,Taylor Swift,https://en.wikipedia.org/wiki/Taylor_Swift,A967,S133600
67,2024,Record Of The Year,Chappell Roan,Chappell Roan,Good Luck Babe!,"Good Luck, Babe!",0,Chappell Roan,https://en.wikipedia.org/wiki/Chappell_Roan,A2223,S133476
67,2024,Record Of The Year,Billie Eilish,Billie Eilish,Birds Of A Feather,BIRDS OF A FEATHER,0,Billie Eilish,https://en.wikipedia.org/wiki/Billie_Eilish,A1833,S134012
67,2024,Record Of The Year,Charli Xcx,Charli xcx,360,360,0,Charli Xcx,https://en.wikipedia.org/wiki/Charli_XCX,A1524,S134372
67,2024,Record Of The Year,Sabrina Carpenter,Sabrina Carpenter,Espresso,Espresso,0,Sabrina Carpenter,https://en.wikipedia.org/wiki/Sabrina_Carpenter,A2001,S133506
67,2024,Record Of The Year,Beyoncé,Beyoncé,Texas Hold 'Em,TEXAS HOLD 'EM,0,Beyonce,https://en.wikipedia.org/wiki/Beyonc%C3%A9,A669,S132601
67,2024,Record Of The Year,The Beatles,The Beatles,Now And Then,Now And Then,0,The Beatles,https://en.wikipedia.org/wiki/The_Beatles,A2191,S131206
67,2024,Song Of The Year,Kendrick Lamar,Kendrick Lamar,Not Like Us,Not Like Us,1,Kendrick Lamar,https://en.wikipedia.org/wiki/Kendrick_Lamar,A1382,S133800
67,2024,Song Of The Year,Beyoncé,Beyoncé,Texas Hold 'Em,TEXAS HOLD 'EM,0,Beyonce,https://en.wikipedia.org/wiki/Beyonc%C3%A9,A669,S132601
67,2024,Song Of The Year,Sabrina Carpenter,Sabrina Carpenter,Please Please Please,Please Please Please,0,Sabrina Carpenter,https://en.wikipedia.org/wiki/Sabrina_Carpenter,A2001,S134301
67,2024,Song Of The Year,Chappell Roan,Chappell Roan,Good Luck Babe!,"Good Luck, Babe!",0,Chappell Roan,https://en.wikipedia.org/wiki/Chappell_Roan,A2223,S133476
67,2024,Song Of The Year,Taylor Swift,Taylor Swift Featuring Post Malone,Fortnight,Fortnight,0,Taylor Swift,https://en.wikipedia.org/wiki/Taylor_Swift,A967,S133600
67,2024,Song Of The Year,Lady Gaga,Lady Gaga & Bruno Mars,Die With A Smile,Die With A Smile,0,Lady Gaga,https://en.wikipedia.org/wiki/Lady_Gaga,A1115,S135302
67,2024,Song Of The Year,Billie Eilish,Billie Eilish,Birds Of A Feather,BIRDS OF A FEATHER,0,Billie Eilish,https://en.wikipedia.org/wiki/Billie_Eilish,A1833,S134012
67,2024,Song Of The Year,Shaboozey,Shaboozey,A Bar Song,A Bar Song (Tipsy),0,Shaboozey,https://en.wikipedia.org/wiki/Shaboozey,A2225,S133535
67,2024,Best Rap Song,Kendrick Lamar,Kendrick Lamar,Not Like Us,Not Like Us,1,Kendrick Lamar,https://en.wikipedia.org/wiki/Kendrick_Lamar,A1382,S133800
67,2024,Best Rap Song,Glorilla,GloRilla,Yeah Glo!,Yeah Glo!,0,Glorilla,https://en.wikipedia.org/wiki/GloRilla,A2126,S132688
67,2024,Best Rap Song,Future,Future & Metro Boomin Featuring Kendrick Lamar,Like That,Like That,0,Future,https://en.wikipedia.org/wiki/Future_(rapper),A1359,S133200
67,2024,Best Rap Song,Kanye West,¥$ (Kanye West & Ty Dolla $Ign,Carnival,Carnival,0,Kanye West,https://en.wikipedia.org/wiki/Kanye_West,A717,S132602
67,2024,Best Rap Song,Rapsody,Rapsody Featuring Hit-Boy,Asteroids,Asteroids,0,Rapsody,https://en.wikipedia.org/wiki/Rapsody,A2255,S135800
66,2023,Record Of The Year,Miley Cyrus,Miley Cyrus,Flowers,Flowers,1,Miley Cyrus,https://en.wikipedia.org/wiki/Miley_Cyrus,A1032,S127000
66,2023,Record Of The Year,Sza,SZA,Kill Bill,Kill Bill,0,Sza,https://en.wikipedia.org/wiki/SZA,A1761,S126502
66,2023,Record Of The Year,Taylor Swift,Taylor Swift,Anti-Hero,Anti-Hero,0,Taylor Swift,https://en.wikipedia.org/wiki/Taylor_Swift,A967,S125800
66,2023,Record Of The Year,Olivia Rodrigo,Olivia Rodrigo,Vampire,vampire,0,Olivia Rodrigo,https://en.wikipedia.org/wiki/Olivia_Rodrigo,A1934,S129400
66,2023,Record Of The Year,Victoria Monét,Victoria Monét,On My Mama,On My Mama,0,Victoria Monet,https://en.wikipedia.org/wiki/Victoria_Mon%C3%A9t,A2184,S130297
66,2023,Record Of The Year,Billie Eilish,Billie Eilish,What Was I Made For?,What Was I Made For? [From The Motion Picture \Barbie\],0,Billie Eilish,https://en.wikipedia.org/wiki/Billie_Eilish,A1833,S129633
66,2023,Record Of The Year,Boygenius,boygenius,Not Strong Enough,Not Strong Enough,0,Boygenius,https://en.wikipedia.org/wiki/Boygenius,A2256,S135801
66,2023,Record Of The Year,Jon Batiste,Jon Batiste,Worship,Worship,0,Jon Batiste,https://en.wikipedia.org/wiki/Jon_Batiste,A2257,S135802
66,2023,Song Of The Year,Billie Eilish,Billie Eilish,What Was I Made For?,What Was I Made For? [From The Motion Picture \Barbie\],1,Billie Eilish,https://en.wikipedia.org/wiki/Billie_Eilish,A1833,S129633
66,2023,Song Of The Year,Olivia Rodrigo,Olivia Rodrigo,Vampire,Vampire,0,Olivia Rodrigo,https://en.wikipedia.org/wiki/Olivia_Rodrigo,A1934,S129400
66,2023,Song Of The Year,Sza,SZA,Kill Bill,Kill Bill,0,Sza,https://en.wikipedia.org/wiki/SZA,A1761,S126502
66,2023,Song Of The Year,Miley Cyrus,Miley Cyrus,Flowers,Flowers,0,Miley Cyrus,https://en.wikipedia.org/wiki/Miley_Cyrus,A1032,S127000
66,2023,Song Of The Year,Dua Lipa,Dua Lipa,Dance The Night,Dance The Night (From Barbie The Album),0,Dua Lipa,https://en.wikipedia.org/wiki/Dua_Lipa,A1712,S128942
66,2023,Song Of The Year,Jon Batiste,Jon Batiste,Butterfly,Butterfly,0,Jon Batiste,https://en.wikipedia.org/wiki/Jon_Batiste,A2257,S11974
66,2023,Song Of The Year,Taylor Swift,Taylor Swift,Anti-Hero,Anti-Hero,0,Taylor Swift,https://en.wikipedia.org/wiki/Taylor_Swift,A967,S125800
66,2023,Song Of The Year,Lana Del Rey,Lana Del Rey,A&W,A&W,0,Lana Del Rey,https://en.wikipedia.org/wiki/Lana_Del_Rey,A1347,S135804
66,2023,Best Rap Song,Killer Mike,"Killer Mike Featuring André 3000, Future And Eryn Allen Kane",Scientists & Engineers,SCIENTISTS & ENGINEERS,1,Killer Mike,https://en.wikipedia.org/wiki/Killer_Mike,A642,S135805
66,2023,Best Rap Song,Drake,Drake & 21 Savage,Rich Flex,Rich Flex,0,Drake,https://en.wikipedia.org/wiki/Drake_(musician),A1171,S126001
66,2023,Best Rap Song,Lil Uzi Vert,Lil Uzi Vert,Just Wanna Rock,Just Wanna Rock,0,Lil Uzi Vert,https://en.wikipedia.org/wiki/Lil_Uzi_Vert,A1684,S125785
66,2023,Best Rap Song,Nicki Minaj,Nicki Minaj & Ice Spice Featuring Aqua,Barbie World,Barbie World [From Barbie The Album],0,Nicki Minaj,https://en.wikipedia.org/wiki/Nicki_Minaj,A1246,S129306
66,2023,Best Rap Song,Doja Cat,Doja Cat,Attention,Attention,0,Doja Cat,https://en.wikipedia.org/wiki/Doja_Cat,A1913,S129230
65,2022,Record Of The Year,Lizzo,Lizzo,About Damn Time,About Damn Time,1,Lizzo,https://en.wikipedia.org/wiki/Lizzo,A1894,S123149
65,2022,Record Of The Year,Harry Styles,Harry Styles,As It Was,As It Was,0,Harry Styles,https://en.wikipedia.org/wiki/Harry_Styles,A1748,S122900
65,2022,Record Of The Year,Kendrick Lamar,Kendrick Lamar,The Heart Part 5,The Heart Part 5,0,Kendrick Lamar,https://en.wikipedia.org/wiki/Kendrick_Lamar,A1382,S123414
65,2022,Record Of The Year,Steve Lacy,Steve Lacy,Bad Habit,Bad Habit,0,Steve Lacy,https://en.wikipedia.org/wiki/Steve_Lacy,A2110,S124299
65,2022,Record Of The Year,Doja Cat,Doja Cat,Woman,Woman,0,Doja Cat,https://en.wikipedia.org/wiki/Doja_Cat,A1913,S118987
65,2022,Record Of The Year,Brandi Carlile,Brandi Carlile Featuring Lucius,You And Me On The Rock,You And Me On The Rock,0,Brandi Carlile,https://en.wikipedia.org/wiki/Brandi_Carlile,A1013,S135806
65,2022,Record Of The Year,Mary J. Blige,Mary J. Blige,Good Morning Gorgeous,Good Morning Gorgeous,0,Mary J Blige,https://en.wikipedia.org/wiki/Mary_J._Blige,A285,S122282
65,2022,Record Of The Year,Beyoncé,Beyoncé,Break My Soul,BREAK MY SOUL,0,Beyonce,https://en.wikipedia.org/wiki/Beyonc%C3%A9,A669,S124014
65,2022,Record Of The Year,Adele,Adele,Easy On Me,Easy On Me,0,Adele,https://en.wikipedia.org/wiki/Adele,A1138,S120467
65,2022,Record Of The Year,Abba,ABBA,Don'T Shut Me Down,Don't Shut Me Down,0,Abba,https://en.wikipedia.org/wiki/ABBA,A2259,S135807
65,2022,Song Of The Year,Bonnie Raitt,Bonnie Raitt,Just Like That,Just Like That,1,Bonnie Raitt,https://en.wikipedia.org/wiki/Bonnie_Raitt,A2265,S135808
65,2022,Song Of The Year,Kendrick Lamar,Kendrick Lamar,The Heart Part 5,The Heart Part 5,0,Kendrick Lamar,https://en.wikipedia.org/wiki/Kendrick_Lamar,A1382,S123414
65,2022,Song Of The Year,Dj Khaled,"DJ Khaled Featuring Rick Ross, Lil Wayne, Jay-Z, John Legend & Fridayy",God Did,GOD DID,0,Dj Khaled,https://en.wikipedia.org/wiki/DJ_Khaled,A939,S125016
65,2022,Song Of The Year,Adele,Adele,Easy On Me,Easy On Me,0,Adele,https://en.wikipedia.org/wiki/Adele,A1138,S120467
65,2022,Song Of The Year,Beyoncé,Beyoncé,Break My Soul,BREAK MY SOUL,0,Beyonce,https://en.wikipedia.org/wiki/Beyonc%C3%A9,A669,S124014
65,2022,Song Of The Year,Steve Lacy,Steve Lacy,Bad Habit,Bad Habit,0,Steve Lacy,https://en.wikipedia.org/wiki/Steve_Lacy,A2110,S124299
65,2022,Song Of The Year,Harry Styles,Harry Styles,As It Was,As It Was,0,Harry Styles,https://en.wikipedia.org/wiki/Harry_Styles,A1748,S122900
65,2022,Song Of The Year,Taylor Swift,Taylor Swift,All Too Well (The Short Film),All Too Well (10 Minute Version) (The Short Film),0,Taylor Swift,https://en.wikipedia.org/wiki/Taylor_Swift,A967,S73779
65,2022,Song Of The Year,Lizzo,Lizzo,About Damn Time,About Damn Time,0,Lizzo,https://en.wikipedia.org/wiki/Lizzo,A1894,S123149
65,2022,Song Of The Year,Gayle,GAYLE,Abcdefu,abcdefu,0,Gayle,https://en.wikipedia.org/wiki/Gayle_(singer),A2062,S121050
65,2022,Best Rap Song,Kendrick Lamar,Kendrick Lamar,The Heart Part 5,The Heart Part 5,1,Kendrick Lamar,https://en.wikipedia.org/wiki/Kendrick_Lamar,A1382,S123414
65,2022,Best Rap Song,Future,Future Featuring Drake & Tems,Wait For U,WAIT FOR U,0,Future,https://en.wikipedia.org/wiki/Future_(rapper),A1359,S123300
65,2022,Best Rap Song,Gunna,Gunna & Future Featuring Young Thug,Pushin P,pushin P,0,Gunna,https://en.wikipedia.org/wiki/Gunna_(rapper),A1880,S121706
65,2022,Best Rap Song,Dj Khaled,"DJ Khaled Featuring Rick Ross, Lil Wayne, Jay-Z, John Legend & Fridayy",God Did,GOD DID,0,Dj Khaled,https://en.wikipedia.org/wiki/DJ_Khaled,A939,S125016
65,2022,Best Rap Song,Jack Harlow,Jack Harlow Featuring Drake,Churchill Downs,Churchill Downs,0,Jack Harlow,https://en.wikipedia.org/wiki/Jack_Harlow,A1936,S123422
64,2021,Record Of The Year,Silk Sonic,Silk Sonic,Leave The Door Open,Leave The Door Open,1,Silk Sonic,https://en.wikipedia.org/wiki/Silk_Sonic,A2012,S117303
64,2021,Record Of The Year,Olivia Rodrigo,Olivia Rodrigo,Drivers License,drivers license,0,Olivia Rodrigo,https://en.wikipedia.org/wiki/Olivia_Rodrigo,A1934,S116500
64,2021,Record Of The Year,Lil Nas X,Lil Nas X,Montero,Montero (Call Me By Your Name),0,Lil Nas X,https://en.wikipedia.org/wiki/Lil_Nas_X,A1884,S117600
64,2021,Record Of The Year,Billie Eilish,Billie Eilish,Happier Than Ever,Happier Than Ever,0,Billie Eilish,https://en.wikipedia.org/wiki/Billie_Eilish,A1833,S119410
64,2021,Record Of The Year,Doja Cat,Doja Cat Featuring SZA,Kiss Me More,Kiss Me More,0,Doja Cat,https://en.wikipedia.org/wiki/Doja_Cat,A1913,S117806
64,2021,Record Of The Year,Brandi Carlile,Brandi Carlile,Right On Time,Right On Time,0,Brandi Carlile,https://en.wikipedia.org/wiki/Brandi_Carlile,A1013,S135809
64,2021,Record Of The Year,Justin Bieber,Justin Bieber Featuring Daniel Caesar & Giveon,Peaches,Peaches,0,Justin Bieber,https://en.wikipedia.org/wiki/Justin_Bieber,A1190,S117500
64,2021,Record Of The Year,Tony Bennett,Tony Bennett & Lady Gaga,I Get A Kick Out Of You,I Get A Kick Out Of You,0,Tony Bennett,https://en.wikipedia.org/wiki/Tony_Bennett,A1333,S135810
64,2021,Record Of The Year,Jon Batiste,Jon Batiste,Freedom,Freedom,0,Jon Batiste,https://en.wikipedia.org/wiki/Jon_Batiste,A2257,S16896
64,2021,Record Of The Year,Abba,ABBA,I Still Have Faith In You,I Still Have Faith In You,0,Abba,https://en.wikipedia.org/wiki/ABBA,A2259,S135812
64,2021,Song Of The Year,Silk Sonic,Silk Sonic,Leave The Door Open,Leave The Door Open,1,Silk Sonic,https://en.wikipedia.org/wiki/Silk_Sonic,A2012,S117303
64,2021,Song Of The Year,Brandi Carlile,Brandi Carlile,Right On Time,Right On Time,0,Brandi Carlile,https://en.wikipedia.org/wiki/Brandi_Carlile,A1013,S135809
64,2021,Song Of The Year,Justin Bieber,Justin Bieber Featuring Daniel Caesar & Giveon,Peaches,Peaches,0,Justin Bieber,https://en.wikipedia.org/wiki/Justin_Bieber,A1190,S117500
64,2021,Song Of The Year,Lil Nas X,Lil Nas X,Montero,Montero (Call Me By Your Name),0,Lil Nas X,https://en.wikipedia.org/wiki/Lil_Nas_X,A1884,S117600
64,2021,Song Of The Year,Doja Cat,Doja Cat Featuring SZA,Kiss Me More,Kiss Me More,0,Doja Cat,https://en.wikipedia.org/wiki/Doja_Cat,A1913,S117806
64,2021,Song Of The Year,Billie Eilish,Billie Eilish,Happier Than Ever,Happier Than Ever,0,Billie Eilish,https://en.wikipedia.org/wiki/Billie_Eilish,A1833,S119410
64,2021,Song Of The Year,H.E.R.,H.E.R.,Fight For You,Fight For You,0,Her,https://en.wikipedia.org/wiki/H.E.R.,A1824,S68182
64,2021,Song Of The Year,Olivia Rodrigo,Olivia Rodrigo,Drivers License,drivers license,0,Olivia Rodrigo,https://en.wikipedia.org/wiki/Olivia_Rodrigo,A1934,S116500
64,2021,Song Of The Year,Alicia Keys,Alicia Keys & Brandi Carlile,A Beautiful Noise,A Beautiful Noise,0,Alicia Keys,https://en.wikipedia.org/wiki/Alicia_Keys,A500,S135814
64,2021,Song Of The Year,Ed Sheeran,Ed Sheeran,Bad Habits,Bad Habits,0,Ed Sheeran,https://en.wikipedia.org/wiki/Ed_Sheeran,A1381,S118904
64,2021,Best Rap Song,Kanye West,Kanye West Featuring Jay-Z,Jail,Jail,1,Kanye West,https://en.wikipedia.org/wiki/Kanye_West,A717,S119809
64,2021,Best Rap Song,J. Cole,J. Cole Featuring 21 Savage & Morray,M Y L I F E,M Y . L I F E,0,J Cole,https://en.wikipedia.org/wiki/J._Cole,A1245,S118301
64,2021,Best Rap Song,Baby Keem,Baby Keem Featuring Kendrick Lamar,Family Ties,Family Ties,0,Baby Keem,https://en.wikipedia.org/wiki/Baby_Keem,A1935,S119817
64,2021,Best Rap Song,Saweetie,Saweetie Featuring Doja Cat,Best Friend,Best Friend,0,Saweetie,https://en.wikipedia.org/wiki/Saweetie,A1904,S116538
64,2021,Best Rap Song,Dmx,DMX Featuring Jay-Z & Nas,Bath Salts,Bath Salts,0,Dmx,https://en.wikipedia.org/wiki/DMX,A69,S135815
63,2020,Record Of The Year,Billie Eilish,Billie Eilish,Everything I Wanted,Everything I Wanted,1,Billie Eilish,https://en.wikipedia.org/wiki/Billie_Eilish,A1833,S110473
63,2020,Record Of The Year,Megan Thee Stallion,Megan Thee Stallion Featuring Beyoncé,Savage,Savage,0,Megan Thee Stallion,https://en.wikipedia.org/wiki/Megan_Thee_Stallion,A1892,S112297
63,2020,Record Of The Year,Post Malone,Post Malone,Circles,Circles,0,Post Malone,https://en.wikipedia.org/wiki/Post_Malone,A1628,S109406
63,2020,Record Of The Year,Dua Lipa,Dua Lipa,Don'T Start Now,Don't Start Now,0,Dua Lipa,https://en.wikipedia.org/wiki/Dua_Lipa,A1712,S110329
63,2020,Record Of The Year,Doja Cat,Doja Cat,Say So,Say So,0,Doja Cat,https://en.wikipedia.org/wiki/Doja_Cat,A1913,S111294
63,2020,Record Of The Year,Dababy,DaBaby Featuring Roddy Ricch,Rockstar,Rockstar,0,Dababy,https://en.wikipedia.org/wiki/DaBaby,A1891,S112708
63,2020,Record Of The Year,Black Pumas,Black Pumas,Colors,Colors,0,Black Pumas,https://en.wikipedia.org/wiki/Black_Pumas,A2270,S135816
63,2020,Record Of The Year,Beyoncé,Beyoncé,Black Parade,Black Parade,0,Beyonce,https://en.wikipedia.org/wiki/Beyonc%C3%A9,A669,S113636
63,2020,Song Of The Year,H.E.R.,H.E.R.,I Can'T Breathe,I Can't Breathe,1,Her,https://en.wikipedia.org/wiki/H.E.R.,A1824,S135817
63,2020,Song Of The Year,Jp Saxe,JP Saxe Featuring Julia Michaels,If The World Was Ending,If The World Was Ending,0,Jp Saxe,,A1945,S112495
63,2020,Song Of The Year,Billie Eilish,Billie Eilish,Everything I Wanted,Everything I Wanted,0,Billie Eilish,https://en.wikipedia.org/wiki/Billie_Eilish,A1833,S110473
63,2020,Song Of The Year,Dua Lipa,Dua Lipa,Don'T Start Now,Don't Start Now,0,Dua Lipa,https://en.wikipedia.org/wiki/Dua_Lipa,A1712,S110329
63,2020,Song Of The Year,Post Malone,Post Malone,Circles,Circles,0,Post Malone,https://en.wikipedia.org/wiki/Post_Malone,A1628,S109406
63,2020,Song Of The Year,Taylor Swift,Taylor Swift,Cardigan,Cardigan,0,Taylor Swift,https://en.wikipedia.org/wiki/Taylor_Swift,A967,S114100
63,2020,Song Of The Year,Roddy Ricch,Roddy Ricch,The Box,The Box,0,Roddy Ricch,https://en.wikipedia.org/wiki/Roddy_Ricch,A1895,S110846
63,2020,Song Of The Year,Beyoncé,Beyoncé,Black Parade,Black Parade,0,Beyonce,https://en.wikipedia.org/wiki/Beyonc%C3%A9,A669,S113636
63,2020,Best Rap Song,Megan Thee Stallion,Megan Thee Stallion Featuring Beyoncé,Savage,Savage,1,Megan Thee Stallion,https://en.wikipedia.org/wiki/Megan_Thee_Stallion,A1892,S112297
63,2020,Best Rap Song,Dababy,DaBaby Featuring Roddy Ricch,Rockstar,Rockstar,0,Dababy,https://en.wikipedia.org/wiki/DaBaby,A1891,S112708
63,2020,Best Rap Song,Drake,Drake Featuring Lil Durk,Laugh Now Cry Later,Laugh Now Cry Later,0,Drake,https://en.wikipedia.org/wiki/Drake_(musician),A1171,S114401
63,2020,Best Rap Song,Roddy Ricch,Roddy Ricch,The Box,The Box,0,Roddy Ricch,https://en.wikipedia.org/wiki/Roddy_Ricch,A1895,S110846
63,2020,Best Rap Song,Lil Baby,Lil Baby,The Bigger Picture,The Bigger Picture,0,Lil Baby,https://en.wikipedia.org/wiki/Lil_Baby,A1799,S113502
62,2019,Record Of The Year,Billie Eilish,Billie Eilish,Bad Guy,Bad Guy,1,Billie Eilish,https://en.wikipedia.org/wiki/Billie_Eilish,A1833,S107206
62,2019,Record Of The Year,Post Malone,Post Malone & Swae Lee,Sunflower,Sunflower,0,Post Malone,https://en.wikipedia.org/wiki/Post_Malone,A1628,S104908
62,2019,Record Of The Year,Lizzo,Lizzo,Truth Hurts,Truth Hurts,0,Lizzo,https://en.wikipedia.org/wiki/Lizzo,A1894,S107749
62,2019,Record Of The Year,Lil Nas,Lil Nas X Featuring Billy Ray Cyrus,Old Town Road,Old Town Road,0,Lil Nas,https://en.wikipedia.org/wiki/Lil_Nas_X,A1884,S106882
62,2019,Record Of The Year,Khalid,Khalid,Talk,Talk,0,Khalid,,A1736,S106543
62,2019,Record Of The Year,H.E.R.,H.E.R.,Hard Place,Hard Place,0,Her,https://en.wikipedia.org/wiki/H.E.R.,A1824,S135818
62,2019,Record Of The Year,Ariana Grande,Ariana Grande,7 Rings,7 rings,0,Ariana Grande,https://en.wikipedia.org/wiki/Ariana_Grande,A1420,S106200
62,2019,Record Of The Year,Bon Iver,Bon Iver,Hey Ma,"Hey, Ma",0,Bon Iver,https://en.wikipedia.org/wiki/Bon_Iver,A2278,S20549
62,2019,Song Of The Year,Billie Eilish,Billie Eilish,Bad Guy,Bad Guy,1,Billie Eilish,https://en.wikipedia.org/wiki/Billie_Eilish,A1833,S107206
62,2019,Song Of The Year,Lizzo,Lizzo,Truth Hurts,Truth Hurts,0,Lizzo,https://en.wikipedia.org/wiki/Lizzo,A1894,S107749
62,2019,Song Of The Year,Lewis Capaldi,Lewis Capaldi,Someone You Loved,Someone You Loved,0,Lewis Capaldi,https://en.wikipedia.org/wiki/Lewis_Capaldi,A1897,S107884
62,2019,Song Of The Year,Lana Del Rey,Lana Del Rey,Norman Fucking Rockwell,Norman F***ing Rockwell,0,Lana Del Rey,https://en.wikipedia.org/wiki/Lana_Del_Rey,A1347,S135820
62,2019,Song Of The Year,Taylor Swift,Taylor Swift,Lover,Lover,0,Taylor Swift,https://en.wikipedia.org/wiki/Taylor_Swift,A967,S109218
62,2019,Song Of The Year,H.E.R.,H.E.R.,Hard Place,Hard Place,0,Her,https://en.wikipedia.org/wiki/H.E.R.,A1824,S135818
62,2019,Song Of The Year,Tanya Tucker,Tanya Tucker,Bring My Flowers Now,Bring My Flowers Now,0,Tanya Tucker,https://en.wikipedia.org/wiki/Tanya_Tucker,A2282,S135821
62,2019,Song Of The Year,Lady Gaga,Lady Gaga,Always Remember Us This Way,Always Remember Us This Way,0,Lady Gaga,https://en.wikipedia.org/wiki/Lady_Gaga,A1115,S104740
62,2019,Best Rap Song,21 Savage,21 Savage Featuring J. Cole,A Lot,A Lot,1,21 Savage,https://en.wikipedia.org/wiki/21_Savage,A1702,S105836
62,2019,Best Rap Song,Dababy,DaBaby,Suge,Suge,0,Dababy,https://en.wikipedia.org/wiki/DaBaby,A1891,S107286
62,2019,Best Rap Song,Nipsey Hussle,Nipsey Hussle Featuring Roddy Ricch & Hit-Boy,Racks In The Middle,Racks In The Middle,0,Nipsey Hussle,https://en.wikipedia.org/wiki/Nipsey_Hussle,A1890,S107243
62,2019,Best Rap Song,Rick Ross,Rick Ross Featuring Drake,Gold Roses,Gold Roses,0,Rick Ross,https://en.wikipedia.org/wiki/Rick_Ross,A928,S108938
62,2019,Best Rap Song,Ybn Cordae,YBN Cordae Featuring Chance The Rapper,Bad Idea,Bad Idea,0,Ybn Cordae,,A2304,S106526
61,2018,Record Of The Year,Childish Gambino,Childish Gambino,This Is America,This Is America,1,Childish Gambino,https://en.wikipedia.org/wiki/Donald_Glover,A1480,S102500
61,2018,Record Of The Year,Zedd,"Zedd, Maren Morris & Grey",The Middle,The Middle,0,Zedd,https://en.wikipedia.org/wiki/Zedd,A1419,S101122
61,2018,Record Of The Year,Post Malone,Post Malone Featuring 21 Savage,Rockstar,Rockstar,0,Post Malone,https://en.wikipedia.org/wiki/Post_Malone,A1628,S99301
61,2018,Record Of The Year,Kendrick Lamar,Kendrick Lamar & SZA,All The Stars,All The Stars,0,Kendrick Lamar,https://en.wikipedia.org/wiki/Kendrick_Lamar,A1382,S100842
61,2018,Record Of The Year,Lady Gaga,Lady Gaga & Bradley Cooper,Shallow,Shallow,0,Lady Gaga,https://en.wikipedia.org/wiki/Lady_Gaga,A1115,S104627
61,2018,Record Of The Year,Drake,Drake,God'S Plan,God's Plan,0,Drake,https://en.wikipedia.org/wiki/Drake_(musician),A1171,S101000
61,2018,Record Of The Year,Brandi Carlile,Brandi Carlile,The Joke,The Joke,0,Brandi Carlile,https://en.wikipedia.org/wiki/Brandi_Carlile,A1013,S135823
61,2018,Record Of The Year,Cardi B,"Cardi B, Bad Bunny & J Balvin",I Like It,I Like It,0,Cardi B,https://en.wikipedia.org/wiki/Cardi_B,A1765,S102107
61,2018,Song Of The Year,Childish Gambino,Childish Gambino,This Is America,This Is America,1,Childish Gambino,https://en.wikipedia.org/wiki/Donald_Glover,A1480,S102500
61,2018,Song Of The Year,Lady Gaga,Lady Gaga & Bradley Cooper,Shallow,Shallow,0,Lady Gaga,https://en.wikipedia.org/wiki/Lady_Gaga,A1115,S104627
61,2018,Song Of The Year,Zedd,"Zedd, Maren Morris & Grey",The Middle,The Middle,0,Zedd,https://en.wikipedia.org/wiki/Zedd,A1419,S101122
61,2018,Song Of The Year,Brandi Carlile,Brandi Carlile,The Joke,The Joke,0,Brandi Carlile,https://en.wikipedia.org/wiki/Brandi_Carlile,A1013,S135823
61,2018,Song Of The Year,Shawn Mendes,Shawn Mendes,In My Blood,In My Blood,0,Shawn Mendes,https://en.wikipedia.org/wiki/Shawn_Mendes,A1529,S101871
61,2018,Song Of The Year,Drake,Drake,God'S Plan,God's Plan,0,Drake,https://en.wikipedia.org/wiki/Drake_(musician),A1171,S101000
61,2018,Song Of The Year,Ella Mai,Ella Mai,Boo'D Up,Boo'd Up,0,Ella Mai,https://en.wikipedia.org/wiki/Ella_Mai,A1823,S102077
61,2018,Song Of The Year,Kendrick Lamar,Kendrick Lamar & SZA,All The Stars,All The Stars,0,Kendrick Lamar,https://en.wikipedia.org/wiki/Kendrick_Lamar,A1382,S100842
61,2018,Best Rap Song,Drake,Drake,God'S Plan,God's Plan,1,Drake,https://en.wikipedia.org/wiki/Drake_(musician),A1171,S101000
61,2018,Best Rap Song,Jay Rock,Jay Rock,Win,Win,0,Jay Rock,https://en.wikipedia.org/wiki/Jay_Rock,A1807,S135824
61,2018,Best Rap Song,Travis Scott,"Travis Scott, Drake, (Big Hawk",Sicko Mode,Sicko Mode,0,Travis Scott,https://en.wikipedia.org/wiki/Travis_Scott,A1609,S103803
61,2018,Best Rap Song,Eminem,Eminem Featuring Joyner Lucas,Lucky You,Lucky You,0,Eminem,https://en.wikipedia.org/wiki/Eminem,A220,S104205
61,2018,Best Rap Song,Kendrick Lamar,"Kendrick Lamar, Jay Rock, Future & James Blake",King'S Dead,King's Dead,0,Kendrick Lamar,https://en.wikipedia.org/wiki/Kendrick_Lamar,A1382,S135825
60,2017,Record Of The Year,Bruno Mars,Bruno Mars,24K Magic,24K Magic,1,Bruno Mars,https://en.wikipedia.org/wiki/Bruno_Mars,A1255,S94404
60,2017,Record Of The Year,Kendrick Lamar,Kendrick Lamar,Humble,HUMBLE.,0,Kendrick Lamar,https://en.wikipedia.org/wiki/Kendrick_Lamar,A1382,S96901
60,2017,Record Of The Year,Jay-Z,JAY-Z,The Story Of O J,The Story Of O.J.,0,Jayz,https://en.wikipedia.org/wiki/Jay-Z,A102,S98322
60,2017,Record Of The Year,Luis Fonsi,Luis Fonsi & Daddy Yankee Featuring Justin Bieber,Despacito,Despacito,0,Luis Fonsi,https://en.wikipedia.org/wiki/Luis_Fonsi,A864,S95887
60,2017,Record Of The Year,Childish Gambino,Childish Gambino,Redbone,Redbone,0,Childish Gambino,https://en.wikipedia.org/wiki/Donald_Glover,A1480,S95074
60,2017,Song Of The Year,Bruno Mars,Bruno Mars,That'S What I Like,That's What I Like,1,Bruno Mars,https://en.wikipedia.org/wiki/Bruno_Mars,A1255,S95078
60,2017,Song Of The Year,Logic,Logic Featuring Alessia Cara & Khalid,1-800-273-8255,1-800-273-8255,0,Logic,https://en.wikipedia.org/wiki/Logic_(rapper),A1687,S97360
60,2017,Song Of The Year,Julia Michaels,Julia Michaels,Issues,Issues,0,Julia Michaels,https://en.wikipedia.org/wiki/Julia_Michaels,A1739,S95986
60,2017,Song Of The Year,Jay-Z,JAY-Z,4:44,4:44,0,Jayz,https://en.wikipedia.org/wiki/Jay-Z,A102,S98334
60,2017,Song Of The Year,Luis Fonsi,Luis Fonsi & Daddy Yankee Featuring Justin Bieber,Despacito,Despacito,0,Luis Fonsi,https://en.wikipedia.org/wiki/Luis_Fonsi,A864,S95887
60,2017,Best Rap Song,Kendrick Lamar,Kendrick Lamar,Humble,HUMBLE.,1,Kendrick Lamar,https://en.wikipedia.org/wiki/Kendrick_Lamar,A1382,S96901
60,2017,Best Rap Song,Jay-Z,JAY-Z,The Story Of O J,The Story Of O.J.,0,Jayz,https://en.wikipedia.org/wiki/Jay-Z,A102,S98322
60,2017,Best Rap Song,Rapsody,Rapsody,Sassy,Sassy,0,Rapsody,https://en.wikipedia.org/wiki/Rapsody,A2255,S135826
60,2017,Best Rap Song,Danger Mouse,Danger Mouse Featuring Run The Jewels & Big Boi,Chase Me,Chase Me,0,Danger Mouse,https://en.wikipedia.org/wiki/Danger_Mouse_(musician),A2286,S135827
60,2017,Best Rap Song,Cardi B,Cardi B,Bodak Yellow,Bodak Yellow,0,Cardi B,https://en.wikipedia.org/wiki/Cardi_B,A1765,S98284
59,2016,Record Of The Year,Adele,Adele,Hello,Hello,1,Adele,https://en.wikipedia.org/wiki/Adele,A1138,S89400
59,2016,Record Of The Year,Twenty One Pilots,Twenty One Pilots,Stressed Out,Stressed Out,0,Twenty One Pilots,https://en.wikipedia.org/wiki/Twenty_One_Pilots,A1584,S86886
59,2016,Record Of The Year,Rihanna,Rihanna Featuring Drake,Work,Work,0,Rihanna,https://en.wikipedia.org/wiki/Rihanna,A843,S90708
59,2016,Record Of The Year,Lukas Graham,Lukas Graham,7 Years,7 Years,0,Lukas Graham,https://en.wikipedia.org/wiki/Lukas_Graham,A1656,S90695
59,2016,Record Of The Year,Beyoncé,Beyoncé,Formation,Formation,0,Beyonce,https://en.wikipedia.org/wiki/Beyonc%C3%A9,A669,S92009
59,2016,Song Of The Year,Adele,Adele,Hello,Hello,1,Adele,https://en.wikipedia.org/wiki/Adele,A1138,S89400
59,2016,Song Of The Year,Lukas Graham,Lukas Graham,7 Years,7 Years,0,Lukas Graham,https://en.wikipedia.org/wiki/Lukas_Graham,A1656,S90695
59,2016,Song Of The Year,Justin Bieber,Justin Bieber,Love Yourself,Love Yourself,0,Justin Bieber,https://en.wikipedia.org/wiki/Justin_Bieber,A1190,S89703
59,2016,Song Of The Year,Mike Posner,Mike Posner,I Took A Pill In Ibiza,I Took A Pill In Ibiza,0,Mike Posner,https://en.wikipedia.org/wiki/Mike_Posner,A1235,S90678
59,2016,Song Of The Year,Beyoncé,Beyoncé,Formation,Formation,0,Beyonce,https://en.wikipedia.org/wiki/Beyonc%C3%A9,A669,S92009
59,2016,Best Rap Song,Drake,Drake,Hotline Bling,Hotline Bling,1,Drake,https://en.wikipedia.org/wiki/Drake_(musician),A1171,S88265
59,2016,Best Rap Song,Kanye West,"Kanye West Featuring Chance The Rapper, Kelly Price, Kirk Franklin & The-Dream",Ultralight Beam,Ultralight Beam,0,Kanye West,https://en.wikipedia.org/wiki/Kanye_West,A717,S91766
59,2016,Best Rap Song,Chance The Rapper,Chance The Rapper Featuring Lil Wayne & 2 Chainz,No Problem,No Problem,0,Chance The Rapper,https://en.wikipedia.org/wiki/Chance_the_Rapper,A1676,S92385
59,2016,Best Rap Song,Kanye West,Kanye West Featuring Rihanna,Famous,Famous,0,Kanye West,https://en.wikipedia.org/wiki/Kanye_West,A717,S91733
59,2016,Best Rap Song,Fat Joe,Fat Joe & Remy Ma Featuring French Montana & Infared,All The Way Up,All The Way Up,0,Fat Joe,https://en.wikipedia.org/wiki/Fat_Joe,A538,S91690
58,2015,Record Of The Year,Mark Ronson,Mark Ronson Featuring Bruno Mars,Uptown Funk,Uptown Funk,1,Mark Ronson,https://en.wikipedia.org/wiki/Mark_Ronson,A1557,S84464
58,2015,Record Of The Year,The Weeknd,The Weeknd,Can'T Feel My Face,Can't Feel My Face,0,The Weeknd,https://en.wikipedia.org/wiki/The_Weeknd,A1395,S87423
58,2015,Record Of The Year,Taylor Swift,Taylor Swift,Blank Space,Blank Space,0,Taylor Swift,https://en.wikipedia.org/wiki/Taylor_Swift,A967,S84217
58,2015,Record Of The Year,Ed Sheeran,Ed Sheeran,Thinking Out Loud,Thinking Out Loud,0,Ed Sheeran,https://en.wikipedia.org/wiki/Ed_Sheeran,A1381,S83968
58,2015,Record Of The Year,D'Angelo,D'Angelo And The Vanguard,Really Love,Really Love,0,Dangelo,https://en.wikipedia.org/wiki/D%27Angelo,A337,S135828
58,2015,Song Of The Year,Ed Sheeran,Ed Sheeran,Thinking Out Loud,Thinking Out Loud,1,Ed Sheeran,https://en.wikipedia.org/wiki/Ed_Sheeran,A1381,S83968
58,2015,Song Of The Year,Wiz Khalifa,Wiz Khalifa Featuring Charlie Puth,See You Again,See You Again,0,Wiz Khalifa,https://en.wikipedia.org/wiki/Wiz_Khalifa,A1266,S86199
58,2015,Song Of The Year,Little Big Town,Little Big Town,Girl Crush,Girl Crush,0,Little Big Town,https://en.wikipedia.org/wiki/Little_Big_Town,A878,S85699
58,2015,Song Of The Year,Taylor Swift,Taylor Swift,Blank Space,Blank Space,0,Taylor Swift,https://en.wikipedia.org/wiki/Taylor_Swift,A967,S84217
58,2015,Song Of The Year,Kendrick Lamar,Kendrick Lamar,Alright,Alright,0,Kendrick Lamar,https://en.wikipedia.org/wiki/Kendrick_Lamar,A1382,S86282
58,2015,Best Rap Song,Kendrick Lamar,Kendrick Lamar,Alright,Alright,1,Kendrick Lamar,https://en.wikipedia.org/wiki/Kendrick_Lamar,A1382,S86282
58,2015,Best Rap Song,Fetty Wap,Fetty Wap,Trap Queen,Trap Queen,0,Fetty Wap,https://en.wikipedia.org/wiki/Fetty_Wap,A1574,S85485
58,2015,Best Rap Song,Common,Common & John Legend,Glory,Glory,0,Common,https://en.wikipedia.org/wiki/Common_(rapper),A408,S85391
58,2015,Best Rap Song,Drake,Drake,Energy,Energy,0,Drake,https://en.wikipedia.org/wiki/Drake_(musician),A1171,S85748
58,2015,Best Rap Song,Kanye West,"Kanye West Featuring Theophilus London, Allan Kingdom & Paul McCartney",All Day,All Day,0,Kanye West,https://en.wikipedia.org/wiki/Kanye_West,A717,S86014
57,2014,Record Of The Year,Sam Smith,Sam Smith,Stay With Me,Stay With Me (Darkchild Version),1,Sam Smith,https://en.wikipedia.org/wiki/Sam_Smith,A1512,S81267
57,2014,Record Of The Year,Meghan Trainor,Meghan Trainor,All About That Bass,All About That Bass,0,Meghan Trainor,https://en.wikipedia.org/wiki/Meghan_Trainor,A1532,S82683
57,2014,Record Of The Year,Taylor Swift,Taylor Swift,Shake It Off,Shake It Off,0,Taylor Swift,https://en.wikipedia.org/wiki/Taylor_Swift,A967,	S83200
57,2014,Record Of The Year,Sia,Sia,Chandelier,Chandelier,0,Sia,https://en.wikipedia.org/wiki/Sia,A1520,S81774
57,2014,Record Of The Year,Iggy Azalea,Iggy Azalea Featuring Charli XCX,Fancy,Fancy,0,Iggy Azalea,https://en.wikipedia.org/wiki/Iggy_Azalea,A1506,S80887
57,2014,Song Of The Year,Sam Smith,Sam Smith,Stay With Me,Stay With Me (Darkchild Version),1,Sam Smith,https://en.wikipedia.org/wiki/Sam_Smith,A1512,S81267
57,2014,Song Of The Year,Hozier,Hozier,Take Me To Church,Take Me To Church,0,Hozier,https://en.wikipedia.org/wiki/Hozier,A1541,S83195
57,2014,Song Of The Year,Taylor Swift,Taylor Swift,Shake It Off,Shake It Off,0,Taylor Swift,https://en.wikipedia.org/wiki/Taylor_Swift,A967,	S83200
57,2014,Song Of The Year,Sia,Sia,Chandelier,Chandelier,0,Sia,https://en.wikipedia.org/wiki/Sia,A1520,S81774
57,2014,Song Of The Year,Meghan Trainor,Meghan Trainor,All About That Bass,All About That Bass,0,Meghan Trainor,https://en.wikipedia.org/wiki/Meghan_Trainor,A1532,S82683
57,2014,Best Rap Song,Kendrick Lamar,Kendrick Lamar,I,I,1,Kendrick Lamar,https://en.wikipedia.org/wiki/Kendrick_Lamar,A1382,S83738
57,2014,Best Rap Song,Drake,Drake,0 To 100,0 To 100 / The Catch Up,0,Drake,https://en.wikipedia.org/wiki/Drake_(musician),A1171,S82862
57,2014,Best Rap Song,Wiz Khalifa,Wiz Khalifa,We Dem Boyz,We Dem Boyz,0,Wiz Khalifa,https://en.wikipedia.org/wiki/Wiz_Khalifa,A1266,S81491
57,2014,Best Rap Song,Kanye West,Kanye West & Charlie Wilson,Bound 2,Bound 2,0,Kanye West,https://en.wikipedia.org/wiki/Kanye_West,A717,S79372
57,2014,Best Rap Song,Nicki Minaj,Nicki Minaj,Anaconda,Anaconda,0,Nicki Minaj,https://en.wikipedia.org/wiki/Nicki_Minaj,A1246,S83018
56,2013,Record Of The Year,Daft Punk,Daft Punk Featuring Pharrell Williams & Nile Rodgers,Get Lucky,Get Lucky,1,Daft Punk,https://en.wikipedia.org/wiki/Daft_Punk,A461,S76218
56,2013,Record Of The Year,Robin Thicke,Robin Thicke Featuring T.I. & Pharrell,Blurred Lines,Blurred Lines,0,Robin Thicke,https://en.wikipedia.org/wiki/Robin_Thicke,A988,S76293
56,2013,Record Of The Year,Bruno Mars,Bruno Mars,Locked Out Of Heaven,Locked Out Of Heaven,0,Bruno Mars,https://en.wikipedia.org/wiki/Bruno_Mars,A1255,S73433
56,2013,Record Of The Year,Lorde,Lorde,Royals,Royals,0,Lorde,https://en.wikipedia.org/wiki/Lorde,A1439,S77389
56,2013,Record Of The Year,Imagine Dragons,Imagine Dragons,Radioactive,Radioactive,0,Imagine Dragons,https://en.wikipedia.org/wiki/Imagine_Dragons,A1375,S72592
56,2013,Song Of The Year,Lorde,Lorde,Royals,Royals,1,Lorde,https://en.wikipedia.org/wiki/Lorde,A1439,S77389
56,2013,Song Of The Year,Macklemore,Macklemore & Ryan Lewis Featuring Mary Lambert,Same Love,Same Love,0,Macklemore,https://en.wikipedia.org/wiki/Macklemore,A1386,S75198
56,2013,Song Of The Year,Katy Perry,Katy Perry,Roar,Roar,0,Katy Perry,https://en.wikipedia.org/wiki/Katy_Perry,A1091,S77884
56,2013,Song Of The Year,Bruno Mars,Bruno Mars,Locked Out Of Heaven,Locked Out Of Heaven,0,Bruno Mars,https://en.wikipedia.org/wiki/Bruno_Mars,A1255,S73433
56,2013,Song Of The Year,Pink,Pink Featuring Nate Ruess,Just Give Me A Reason,Just Give Me A Reason,0,Pink,https://en.wikipedia.org/wiki/Pink_(singer),A356,S75383
56,2013,Best Rap Song,Macklemore,Macklemore & Ryan Lewis Featuring Wanz,Thrift Shop,Thrift Shop,1,Macklemore,https://en.wikipedia.org/wiki/Macklemore,A1386,S72995
56,2013,Best Rap Song,Drake,Drake,Started From The Bottom,Started From The Bottom,0,Drake,https://en.wikipedia.org/wiki/Drake_(musician),A1171,S75262
56,2013,Best Rap Song,Kanye West,Kanye West,New Slaves,New Slaves,0,Kanye West,https://en.wikipedia.org/wiki/Kanye_West,A717,S77155
56,2013,Best Rap Song,Jay Z,Jay Z Featuring Justin Timberlake,Holy Grail,Holy Grail,0,Jay Z,https://en.wikipedia.org/wiki/Jay-Z,A102,S77407
56,2013,Best Rap Song,Asap Rocky,"ASAP Rocky Featuring Drake, 2 Chainz & Kendrick Lamar",Fuckin' Problems,F***in' Problems,0,Asap Rocky,https://en.wikipedia.org/wiki/ASAP_Rocky,A1394,S135829
55,2012,Record Of The Year,Gotye,Gotye Featuring Kimbra,Somebody That I Used To Know,Somebody That I Used To Know,1,Gotye,https://en.wikipedia.org/wiki/Gotye,A1344,S69590
55,2012,Record Of The Year,Taylor Swift,Taylor Swift,We Are Never Ever Getting Back Together,We Are Never Ever Getting Back Together,0,Taylor Swift,https://en.wikipedia.org/wiki/Taylor_Swift,A967,S72671
55,2012,Record Of The Year,Frank Ocean,Frank Ocean,Thinkin Bout You,Thinkin Bout You,0,Frank Ocean,https://en.wikipedia.org/wiki/Frank_Ocean,A1322,S72284
55,2012,Record Of The Year,Fun.,Fun. Featuring Janelle Monáe,We Are Young,We Are Young,0,Fun,https://en.wikipedia.org/wiki/Fun_(band),A1342,S69152
55,2012,Record Of The Year,Kelly Clarkson,Kelly Clarkson,Stronger,Stronger (What Doesn't Kill You),0,Kelly Clarkson,https://en.wikipedia.org/wiki/Kelly_Clarkson,A610,S68563
55,2012,Record Of The Year,The Black Keys,The Black Keys,Lonely Boy,Lonely Boy,0,The Black Keys,https://en.wikipedia.org/wiki/The_Black_Keys,A1272,S68590
55,2012,Song Of The Year,Fun.,Fun. Featuring Janelle Monáe,We Are Young,We Are Young,1,Fun,https://en.wikipedia.org/wiki/Fun_(band),A1342,S69152
55,2012,Song Of The Year,Kelly Clarkson,Kelly Clarkson,Stronger,Stronger (What Doesn't Kill You),0,Kelly Clarkson,https://en.wikipedia.org/wiki/Kelly_Clarkson,A610,S68563
55,2012,Song Of The Year,Carly Rae Jepsen,Carly Rae Jepsen,Call Me Maybe,Call Me Maybe,0,Carly Rae Jepsen,https://en.wikipedia.org/wiki/Carly_Rae_Jepsen,A1357,S70237
55,2012,Song Of The Year,Miguel,Miguel,Adorn,Adorn,0,Miguel,https://en.wikipedia.org/wiki/Miguel_(singer),A1265,S72581
55,2012,Song Of The Year,Ed Sheeran,Ed Sheeran,The A Team,The A Team,0,Ed Sheeran,https://en.wikipedia.org/wiki/Ed_Sheeran,A1381,S72294
55,2012,Best Rap Song,Jay-Z,Jay-Z & Kanye West,Niggas In Paris,N****s In Paris,1,Jayz,https://en.wikipedia.org/wiki/Jay-Z,A102,S67474
55,2012,Best Rap Song,Snoop Dogg,Snoop Dogg & Wiz Khalifa Featuring Bruno Mars,Young Wild & Free,"Young, Wild & Free",0,Snoop Dogg,https://en.wikipedia.org/wiki/Snoop_Dogg,A17,S68309
55,2012,Best Rap Song,Drake,Drake Featuring Lil' Wayne,The Motto,The Motto,0,Drake,https://en.wikipedia.org/wiki/Drake_(musician),A1171,S68817
55,2012,Best Rap Song,Kanye West,"Kanye West Featuring Big Sean, Pusha T & 2 Chainz",Mercy,Mercy,0,Kanye West,https://en.wikipedia.org/wiki/Kanye_West,A717,S70837
55,2012,Best Rap Song,Wale,Wale Featuring Miguel,Lotus Flower Bomb,Lotus Flower Bomb,0,Wale,https://en.wikipedia.org/wiki/Wale_(rapper),A1200,S68586
55,2012,Best Rap Song,Nas,Nas,Daughters,Daughters,0,Nas,https://en.wikipedia.org/wiki/Nas,A233,S31967
54,2011,Record Of The Year,Adele,Adele,Rolling In The Deep,Rolling In The Deep,1,Adele,https://en.wikipedia.org/wiki/Adele,A1138,S63967
54,2011,Record Of The Year,Katy Perry,Katy Perry,Firework,Firework,0,Katy Perry,https://en.wikipedia.org/wiki/Katy_Perry,A1091,S63256
54,2011,Record Of The Year,Mumford,Mumford & Sons,The Cave,The Cave,0,Mumford,,A1259,S64798
54,2011,Record Of The Year,Bruno Mars,Bruno Mars,Grenade,Grenade,0,Bruno Mars,https://en.wikipedia.org/wiki/Bruno_Mars,A1255,S62980
54,2011,Record Of The Year,Bon Iver,Bon Iver,Holocene,Holocene,0,Bon Iver,https://en.wikipedia.org/wiki/Bon_Iver,A2278,S135831
54,2011,Song Of The Year,Adele,Adele,Rolling In The Deep,Rolling In The Deep,1,Adele,https://en.wikipedia.org/wiki/Adele,A1138,S63967
54,2011,Song Of The Year,Bon Iver,Bon Iver,Holocene,Holocene,0,Bon Iver,https://en.wikipedia.org/wiki/Bon_Iver,A2278,S135831
54,2011,Song Of The Year,Bruno Mars,Bruno Mars,Grenade,Grenade,0,Bruno Mars,https://en.wikipedia.org/wiki/Bruno_Mars,A1255,S62980
54,2011,Song Of The Year,Mumford,Mumford & Sons,The Cave,The Cave,0,Mumford,,A1259,S64798
54,2011,Song Of The Year,Kanye West,"Kanye West, Rihanna, Kid Cudi & Fergie",All Of The Lights,All Of The Lights,0,Kanye West,https://en.wikipedia.org/wiki/Kanye_West,A717,S63791
54,2011,Best Rap Song,Kanye West,"Kanye West, Rihanna, Kid Cudi & Fergie",All Of The Lights,All Of The Lights,1,Kanye West,https://en.wikipedia.org/wiki/Kanye_West,A717,S63791
54,2011,Best Rap Song,Lupe Fiasco,Lupe Fiasco,The Show Goes On,The Show Goes On,0,Lupe Fiasco,https://en.wikipedia.org/wiki/Lupe_Fiasco,A937,S63556
54,2011,Best Rap Song,Jay-Z,Jay-Z & Kanye West,Otis,Otis,0,Jayz,https://en.wikipedia.org/wiki/Jay-Z,A102,S67146
54,2011,Best Rap Song,Chris Brown,"Chris Brown, Lil Wayne & Busta Rhymes",Look At Me Now,Look At Me Now,0,Chris Brown,https://en.wikipedia.org/wiki/Chris_Brown,A865,S64710
54,2011,Best Rap Song,Dr. Dre,"Dr. Dre, Eminem & Skylar Grey",I Need A Doctor,I Need A Doctor,0,Dr Dre,https://en.wikipedia.org/wiki/Dr._Dre,A331,S64704
54,2011,Best Rap Song,Wiz Khalifa,Wiz Khalifa,Black And Yellow,Black And Yellow,0,Wiz Khalifa,https://en.wikipedia.org/wiki/Wiz_Khalifa,A1266,S62799
53,2010,Record Of The Year,Lady Antebellum,Lady Antebellum,Need You Now,Need You Now,1,Lady Antebellum,https://en.wikipedia.org/wiki/Lady_A,A1075,S57084
53,2010,Record Of The Year,Jay-Z,Jay-Z & Alicia Keys,Empire State Of Mind,Empire State Of Mind,0,Jayz,https://en.wikipedia.org/wiki/Jay-Z,A102,S57449
53,2010,Record Of The Year,Cee Lo Green,Cee Lo Green,Fuck You,Fuck You,0,Cee Lo Green,https://en.wikipedia.org/wiki/CeeLo_Green,A572,S62495
53,2010,Record Of The Year,Eminem,Eminem Featuring Rihanna,Love The Way You Lie,Love The Way You Lie,0,Eminem,https://en.wikipedia.org/wiki/Eminem,A220,S61501
53,2010,Record Of The Year,B.O.B,B.o.B Featuring Bruno Mars,Nothin' On You,Nothin' On You,0,Bob,https://en.wikipedia.org/wiki/B.o.B,A1217,S59488
53,2010,Song Of The Year,Lady Antebellum,Lady Antebellum,Need You Now,Need You Now,1,Lady Antebellum,https://en.wikipedia.org/wiki/Lady_A,A1075,S57084
53,2010,Song Of The Year,Eminem,Eminem Featuring Rihanna,Love The Way You Lie,Love The Way You Lie,0,Eminem,https://en.wikipedia.org/wiki/Eminem,A220,S61501
53,2010,Song Of The Year,Miranda Lambert,Miranda Lambert,The House That Built Me,The House That Built Me,0,Miranda Lambert,https://en.wikipedia.org/wiki/Miranda_Lambert,A890,S60297
53,2010,Song Of The Year,Cee Lo Green,Cee Lo Green,Fuck You,Fuck You,0,Cee Lo Green,https://en.wikipedia.org/wiki/CeeLo_Green,A572,S62495
53,2010,Song Of The Year,Ray Lamontagne,Ray LaMontagne And The Pariah Dogs,Beg Steal Or Borrow,Beg Steal Or Borrow,0,Ray Lamontagne,https://en.wikipedia.org/wiki/Ray_LaMontagne,A1136,S135832
53,2010,Best Rap Song,Jay-Z,Jay-Z & Alicia Keys,Empire State Of Mind,Empire State Of Mind,1,Jayz,https://en.wikipedia.org/wiki/Jay-Z,A102,S57449
53,2010,Best Rap Song,Jay-Z,Jay-Z & Swizz Beatz,On To The Next One,On To The Next One,0,Jayz,https://en.wikipedia.org/wiki/Jay-Z,A102,S59277
53,2010,Best Rap Song,B.O.B,B.o.B & Bruno Mars,Nothin' On You,Nothin' On You,0,Bob,https://en.wikipedia.org/wiki/B.o.B,A1217,S59488
53,2010,Best Rap Song,Eminem,Eminem,Not Afraid,Not Afraid,0,Eminem,https://en.wikipedia.org/wiki/Eminem,A220,S60800
53,2010,Best Rap Song,Eminem,Eminem & Rihanna,Love The Way You Lie,Love The Way You Lie,0,Eminem,https://en.wikipedia.org/wiki/Eminem,A220,S61501
52,2009,Record Of The Year,Kings Of Leon,Kings Of Leon,Use Somebody,Use Somebody,1,Kings Of Leon,https://en.wikipedia.org/wiki/Kings_of_Leon,A1133,S52485
52,2009,Record Of The Year,Taylor Swift,Taylor Swift,You Belong With Me,You Belong With Me,0,Taylor Swift,https://en.wikipedia.org/wiki/Taylor_Swift,A967,S53011
52,2009,Record Of The Year,Lady Gaga,Lady Gaga,Poker Face,Poker Face,0,Lady Gaga,https://en.wikipedia.org/wiki/Lady_Gaga,A1115,S53691
52,2009,Record Of The Year,The Black Eyed Peas,The Black Eyed Peas,I Gotta Feeling,I Gotta Feeling,0,The Black Eyed Peas,https://en.wikipedia.org/wiki/Black_Eyed_Peas,A480,S56101
52,2009,Record Of The Year,Beyoncé,Beyoncé,Halo,Halo,0,Beyonce,https://en.wikipedia.org/wiki/Beyonc%C3%A9,A669,S54192
52,2009,Song Of The Year,Beyoncé,Beyoncé,Single Ladies,Single Ladies (Put A Ring On It),1,Beyonce,https://en.wikipedia.org/wiki/Beyonc%C3%A9,A669,S52771
52,2009,Song Of The Year,Taylor Swift,Taylor Swift,You Belong With Me,You Belong With Me,0,Taylor Swift,https://en.wikipedia.org/wiki/Taylor_Swift,A967,S53011
52,2009,Song Of The Year,Kings Of Leon,Kings Of Leon,Use Somebody,Use Somebody,0,Kings Of Leon,https://en.wikipedia.org/wiki/Kings_of_Leon,A1133,S52485
52,2009,Song Of The Year,Maxwell,Maxwell,Pretty Wings,Pretty Wings,0,Maxwell,https://en.wikipedia.org/wiki/Maxwell_(musician),A245,S55588
52,2009,Song Of The Year,Lady Gaga,Lady Gaga,Poker Face,Poker Face,0,Lady Gaga,https://en.wikipedia.org/wiki/Lady_Gaga,A1115,S53691
52,2009,Best Rap Song,Jay-Z,"Jay-Z, Rihanna & Kanye West",Run This Town,Run This Town,1,Jayz,https://en.wikipedia.org/wiki/Jay-Z,A102,S56887
52,2009,Best Rap Song,Jay-Z,Jay-Z,D O A,D.O.A. (Death Of Auto-Tune),0,Jayz,https://en.wikipedia.org/wiki/Jay-Z,A102,S56323
52,2009,Best Rap Song,T.I.,T.I. & Justin Timberlake,Dead And Gone,Dead And Gone,0,Ti,https://en.wikipedia.org/wiki/T.I.,A688,S52575
52,2009,Best Rap Song,Kid Cudi,Kid Cudi,Day 'N' Nite,Day 'N' Nite,0,Kid Cudi,https://en.wikipedia.org/wiki/Kid_Cudi,A1150,S54087
52,2009,Best Rap Song,Drake,Drake,Best I Ever Had,Best I Ever Had,0,Drake,https://en.wikipedia.org/wiki/Drake_(musician),A1171,S55691
51,2008,Record Of The Year,Robert Plant,Robert Plant & Alison Krauss,Please Read The Letter,Please Read The Letter,1,Robert Plant,https://en.wikipedia.org/wiki/Robert_Plant,A2293,S135833
51,2008,Record Of The Year,M.I.A.,M.I.A,Paper Planes,Paper Planes,0,Mia,,A1112,S51454
51,2008,Record Of The Year,Leona Lewis,Leona Lewis,Bleeding Love,Bleeding Love,0,Leona Lewis,https://en.wikipedia.org/wiki/Leona_Lewis,A1067,S49284
51,2008,Record Of The Year,Coldplay,Coldplay,Viva La Vida,Viva La Vida,0,Coldplay,https://en.wikipedia.org/wiki/Coldplay,A473,S50414
51,2008,Record Of The Year,Adele,Adele,Chasing Pavements,Chasing Pavements,0,Adele,https://en.wikipedia.org/wiki/Adele,A1138,S52881
51,2008,Song Of The Year,Coldplay,Coldplay,Viva La Vida,Viva La Vida,1,Coldplay,https://en.wikipedia.org/wiki/Coldplay,A473,S50414
51,2008,Song Of The Year,Sara Bareilles,Sara Bareilles,Love Song,Love Song,0,Sara Bareilles,https://en.wikipedia.org/wiki/Sara_Bareilles,A1051,S47799
51,2008,Song Of The Year,Jason Mraz,Jason Mraz,I'M Yours,I'm Yours,0,Jason Mraz,https://en.wikipedia.org/wiki/Jason_Mraz,A663,S50192
51,2008,Song Of The Year,Adele,Adele,Chasing Pavements,Chasing Pavements,0,Adele,https://en.wikipedia.org/wiki/Adele,A1138,S52881
51,2008,Song Of The Year,Estelle,Estelle Featuring Kanye West,American Boy,American Boy,0,Estelle,https://en.wikipedia.org/wiki/Estelle_(musician),A1086,S50197
51,2008,Best Rap Song,Lil Wayne,Lil Wayne Featuring Static Major,Lollipop,Lollipop,1,Lil Wayne,https://en.wikipedia.org/wiki/Lil_Wayne,A334,S49684
51,2008,Best Rap Song,Jay-Z,Jay-Z & T.I. Featuring Kanye West & Lil Wayne,Swagga Like Us,Swagga Like Us,0,Jayz,https://en.wikipedia.org/wiki/Jay-Z,A102,S52204
51,2008,Best Rap Song,Lupe Fiasco,Lupe Fiasco Featuring Matthew Santos,Superstar,Superstar,0,Lupe Fiasco,https://en.wikipedia.org/wiki/Lupe_Fiasco,A937,S48375
51,2008,Best Rap Song,Snoop Dogg,Snoop Dogg,Sexual Eruption,Sexual Eruption,0,Snoop Dogg,https://en.wikipedia.org/wiki/Snoop_Dogg,A17,S135834
51,2008,Best Rap Song,Flo Rida,Flo Rida Featuring T-Pain,Low,Low,0,Flo Rida,https://en.wikipedia.org/wiki/Flo_Rida,A1049,S47690
50,2007,Record Of The Year,Amy Winehouse,Amy Winehouse,Rehab,Rehab,1,Amy Winehouse,https://en.wikipedia.org/wiki/Amy_Winehouse,A1010,S44490
50,2007,Record Of The Year,Justin Timberlake,Justin Timberlake,What Goes Around…Comes Around,What Goes Around…Comes Around,0,Justin Timberlake,https://en.wikipedia.org/wiki/Justin_Timberlake,A608,S43063
50,2007,Record Of The Year,Rihanna,Rihanna Featuring Jay-Z,Umbrella,Umbrella,0,Rihanna,https://en.wikipedia.org/wiki/Rihanna,A843,S44890
50,2007,Record Of The Year,Foo Fighters,Foo Fighters,The Pretender,The Pretender,0,Foo Fighters,https://en.wikipedia.org/wiki/Foo_Fighters,A316,S46555
50,2007,Record Of The Year,Beyoncé,Beyoncé,Irreplaceable,Irreplaceable,0,Beyonce,https://en.wikipedia.org/wiki/Beyonc%C3%A9,A669,S42386
50,2007,Song Of The Year,Amy Winehouse,Amy Winehouse,Rehab,Rehab,1,Amy Winehouse,https://en.wikipedia.org/wiki/Amy_Winehouse,A1010,S44490
50,2007,Song Of The Year,Rihanna,Rihanna Featuring Jay-Z,Umbrella,Umbrella,0,Rihanna,https://en.wikipedia.org/wiki/Rihanna,A843,S44890
50,2007,Song Of The Year,Corinne Bailey Rae,Corinne Bailey Rae,Like A Star,Like A Star,0,Corinne Bailey Rae,https://en.wikipedia.org/wiki/Corinne_Bailey_Rae,A947,S44055
50,2007,Song Of The Year,Plain White T'S,Plain White T's,Hey There Delilah,Hey There Delilah,0,Plain White Ts,,A979,S44678
50,2007,Song Of The Year,Carrie Underwood,Carrie Underwood,Before He Cheats,Before He Cheats,0,Carrie Underwood,https://en.wikipedia.org/wiki/Carrie_Underwood,A848,S41691
50,2007,Best Rap Song,Kanye West,Kanye West Featuring T-Pain,Good Life,Good Life,1,Kanye West,https://en.wikipedia.org/wiki/Kanye_West,A717,S47013
50,2007,Best Rap Song,Soulja Boy Tell'Em,Soulja Boy Tell'Em,Crank That,Crank That (Soulja Boy),0,Soulja Boy Tellem,https://en.wikipedia.org/wiki/Soulja_Boy,A1035,S46146
50,2007,Best Rap Song,Kanye West,Kanye West,Can'T Tell Me Nothing,Can't Tell Me Nothing,0,Kanye West,https://en.wikipedia.org/wiki/Kanye_West,A717,S45579
50,2007,Best Rap Song,T.I.,T.I.,Big Things Poppin',Big Things Poppin' (Do It),0,Ti,https://en.wikipedia.org/wiki/T.I.,A688,S45429
50,2007,Best Rap Song,50 Cent,50 Cent Featuring Justin Timberlake & Timbaland,Ayo Technology,Ayo Technology,0,50 Cent,https://en.wikipedia.org/wiki/50_Cent,A626,S46521
49,2006,Record Of The Year,Dixie Chicks,Dixie Chicks,Not Ready To Make Nice,Not Ready To Make Nice,1,Dixie Chicks,https://en.wikipedia.org/wiki/The_Chicks,A78,S39727
49,2006,Record Of The Year,Corinne Bailey Rae,Corinne Bailey Rae,Put Your Records On,Put Your Records On,0,Corinne Bailey Rae,https://en.wikipedia.org/wiki/Corinne_Bailey_Rae,A947,S40793
49,2006,Record Of The Year,Gnarls Barkley,Gnarls Barkley,Crazy,Crazy,0,Gnarls Barkley,https://en.wikipedia.org/wiki/Gnarls_Barkley,A929,S39990
49,2006,Record Of The Year,James Blunt,James Blunt,You'Re Beautiful,You're Beautiful,0,James Blunt,https://en.wikipedia.org/wiki/James_Blunt,A881,S37287
49,2006,Record Of The Year,Mary J. Blige,Mary J. Blige,Be Without You,Be Without You,0,Mary J Blige,https://en.wikipedia.org/wiki/Mary_J._Blige,A285,S37492
49,2006,Song Of The Year,Dixie Chicks,Dixie Chicks,Not Ready To Make Nice,Not Ready To Make Nice,1,Dixie Chicks,https://en.wikipedia.org/wiki/The_Chicks,A78,S39727
49,2006,Song Of The Year,James Blunt,James Blunt,You'Re Beautiful,You're Beautiful,0,James Blunt,https://en.wikipedia.org/wiki/James_Blunt,A881,S37287
49,2006,Song Of The Year,Corinne Bailey Rae,Corinne Bailey Rae,Put Your Records On,Put Your Records On,0,Corinne Bailey Rae,https://en.wikipedia.org/wiki/Corinne_Bailey_Rae,A947,S40793
49,2006,Song Of The Year,Carrie Underwood,Carrie Underwood,Jesus Take The Wheel,"Jesus, Take The Wheel",0,Carrie Underwood,https://en.wikipedia.org/wiki/Carrie_Underwood,A848,S37347
49,2006,Song Of The Year,Mary J. Blige,Mary J. Blige,Be Without You,Be Without You,0,Mary J Blige,https://en.wikipedia.org/wiki/Mary_J._Blige,A285,S37492
49,2006,Best Rap Song,Ludacris,Ludacris Featuring Pharrell,Money Maker,Money Maker,1,Ludacris,https://en.wikipedia.org/wiki/Ludacris,A423,S41395
49,2006,Best Rap Song,T.I.,T.I.,What You Know,What You Know,0,Ti,https://en.wikipedia.org/wiki/T.I.,A688,S39082
49,2006,Best Rap Song,Chamillionaire,Chamillionaire Featuring Krayzie Bone,Ridin,Ridin,0,Chamillionaire,https://en.wikipedia.org/wiki/Chamillionaire,A879,S38887
49,2006,Best Rap Song,Lupe Fiasco,Lupe Fiasco,Kick Push,"Kick, Push",0,Lupe Fiasco,https://en.wikipedia.org/wiki/Lupe_Fiasco,A937,S40378
49,2006,Best Rap Song,Yung Joc,Yung Joc,It'S Goin' Down,It's Goin' Down,0,Yung Joc,https://en.wikipedia.org/wiki/Yung_Joc,A917,S39494
48,2005,Record Of The Year,Green Day,Green Day,Boulevard Of Broken Dreams,Boulevard Of Broken Dreams,1,Green Day,https://en.wikipedia.org/wiki/Green_Day,A786,S32270
48,2005,Record Of The Year,Kanye West,Kanye West,Gold Digger,Gold Digger,0,Kanye West,https://en.wikipedia.org/wiki/Kanye_West,A717,S35791
48,2005,Record Of The Year,Gwen Stefani,Gwen Stefani,Hollaback Girl,Hollaback Girl,0,Gwen Stefani,https://en.wikipedia.org/wiki/Gwen_Stefani,A796,S34081
48,2005,Record Of The Year,Gorillaz,Gorillaz Featuring De La Soul,Feel Good Inc,Feel Good Inc.,0,Gorillaz,https://en.wikipedia.org/wiki/Gorillaz,A519,S34873
48,2005,Record Of The Year,Mariah Carey,Mariah Carey,We Belong Together,We Belong Together,0,Mariah Carey,https://en.wikipedia.org/wiki/Mariah_Carey,A210,S34280
48,2005,Song Of The Year,U2,U2,Sometimes You Can'T Make It On Your Own,Sometimes You Can't Make It On Your Own,1,U2,https://en.wikipedia.org/wiki/U2,A166,S34298
48,2005,Song Of The Year,Mariah Carey,Mariah Carey,We Belong Together,We Belong Together,0,Mariah Carey,https://en.wikipedia.org/wiki/Mariah_Carey,A210,S34280
48,2005,Song Of The Year,John Legend,John Legend,Ordinary People,Ordinary People,0,John Legend,https://en.wikipedia.org/wiki/John_Legend,A794,S32872
48,2005,Song Of The Year,Bruce Springsteen,Bruce Springsteen,Devils & Dust,Devils & Dust,0,Bruce Springsteen,https://en.wikipedia.org/wiki/Bruce_Springsteen,A604,S34271
48,2005,Song Of The Year,Rascal Flatts,Rascal Flatts,Bless The Broken Road,Bless The Broken Road,0,Rascal Flatts,https://en.wikipedia.org/wiki/Rascal_Flatts,A383,S32565
48,2005,Best Rap Song,Kanye West,Kanye West,Diamonds From Sierra Leone,Diamonds From Sierra Leone,1,Kanye West,https://en.wikipedia.org/wiki/Kanye_West,A717,S34793
48,2005,Best Rap Song,Missy Elliott,Missy Elliott Featuring Ciara & Fat Man Scoop,Lose Control,Lose Control,0,Missy Elliott,https://en.wikipedia.org/wiki/Missy_Elliott,A260,S34785
48,2005,Best Rap Song,The Game,The Game Featuring 50 Cent,Hate It Or Love It,Hate It Or Love It,0,The Game,https://en.wikipedia.org/wiki/The_Game_(rapper),A798,S33384
48,2005,Best Rap Song,The Black Eyed Peas,The Black Eyed Peas,Don'T Phunk With My Heart,Don't Phunk With My Heart,0,The Black Eyed Peas,https://en.wikipedia.org/wiki/Black_Eyed_Peas,A480,S34396
48,2005,Best Rap Song,50 Cent,50 Cent Featuring Olivia,Candy Shop,Candy Shop,0,50 Cent,https://en.wikipedia.org/wiki/50_Cent,A626,S33252
47,2004,Record Of The Year,Ray Charles,Ray Charles & Norah Jones,Here We Go Again,Here We Go Again,1,Ray Charles,https://en.wikipedia.org/wiki/Ray_Charles,A2297,S92
47,2004,Record Of The Year,Usher,Usher Featuring Lil Jon & Ludacris,Yeah!,Yeah!,0,Usher,https://en.wikipedia.org/wiki/Usher_(musician),A3,S27652
47,2004,Record Of The Year,Los Lonely Boys,Los Lonely Boys,Heaven,Heaven,0,Los Lonely Boys,https://en.wikipedia.org/wiki/Los_Lonely_Boys,A753,S29466
47,2004,Record Of The Year,Green Day,Green Day,American Idiot,American Idiot,0,Green Day,https://en.wikipedia.org/wiki/Green_Day,A786,S30876
47,2004,Record Of The Year,The Black Eyed Peas,The Black Eyed Peas,Let'S Get It Started,Let's Get It Started,0,The Black Eyed Peas,https://en.wikipedia.org/wiki/Black_Eyed_Peas,A480,S30651
47,2004,Song Of The Year,John Mayer,John Mayer,Daughters,Daughters,1,John Mayer,https://en.wikipedia.org/wiki/John_Mayer,A588,S31967
47,2004,Song Of The Year,Hoobastank,Hoobastank,The Reason,The Reason,0,Hoobastank,https://en.wikipedia.org/wiki/Hoobastank,A562,S28661
47,2004,Song Of The Year,Tim Mcgraw,Tim McGraw,Live Like You Were Dying,Live Like You Were Dying,0,Tim Mcgraw,https://en.wikipedia.org/wiki/Tim_McGraw,A175,S29872
47,2004,Song Of The Year,Kanye West,Kanye West,Jesus Walks,Jesus Walks,0,Kanye West,https://en.wikipedia.org/wiki/Kanye_West,A717,S29367
47,2004,Song Of The Year,Alicia Keys,Alicia Keys,If I Ain'T Got You,If I Ain't Got You,0,Alicia Keys,https://en.wikipedia.org/wiki/Alicia_Keys,A500,S28463
47,2004,Best Rap Song,Kanye West,Kanye West,Jesus Walks,Jesus Walks,1,Kanye West,https://en.wikipedia.org/wiki/Kanye_West,A717,S29367
47,2004,Best Rap Song,Jay-Z,Jay-Z,99 Problems,99 Problems,0,Jayz,https://en.wikipedia.org/wiki/Jay-Z,A102,S29393
47,2004,Best Rap Song,The Black Eyed Peas,The Black Eyed Peas,Let'S Get It Started,Let's Get It Started,0,The Black Eyed Peas,https://en.wikipedia.org/wiki/Black_Eyed_Peas,A480,S30651
47,2004,Best Rap Song,The Black Eyed Peas,The Black Eyed Peas,Hey Mama,Hey Mama,0,The Black Eyed Peas,https://en.wikipedia.org/wiki/Black_Eyed_Peas,A480,S28966
47,2004,Best Rap Song,Snoop Dogg,Snoop Dogg & Pharrell,Drop It Like It'S Hot,Drop It Like It's Hot,0,Snoop Dogg,https://en.wikipedia.org/wiki/Snoop_Dogg,A17,S31450
46,2003,Record Of The Year,Coldplay,Coldplay,Clocks,Clocks,1,Coldplay,https://en.wikipedia.org/wiki/Coldplay,A473,S22766
46,2003,Record Of The Year,Outkast,OutKast,Hey Ya!,Hey Ya!,0,Outkast,https://en.wikipedia.org/wiki/Outkast,A173,S26456
46,2003,Record Of The Year,Eminem,Eminem,Lose Yourself,Lose Yourself,0,Eminem,https://en.wikipedia.org/wiki/Eminem,A220,S21042
46,2003,Record Of The Year,The Black Eyed Peas,The Black Eyed Peas & Justin Timberlake,Where Is The Love,Where Is The Love,0,The Black Eyed Peas,https://en.wikipedia.org/wiki/Black_Eyed_Peas,A480,S24668
46,2003,Record Of The Year,Beyoncé,Beyoncé Featuring Jay-Z,Crazy In Love,Crazy In Love,0,Beyonce,https://en.wikipedia.org/wiki/Beyonc%C3%A9,A669,S24357
46,2003,Song Of The Year,Luther Vandross,Luther Vandross,Dance With My Father,Dance With My Father,1,Luther Vandross,https://en.wikipedia.org/wiki/Luther_Vandross,A509,S24870
46,2003,Song Of The Year,Eminem,Eminem,Lose Yourself,Lose Yourself,0,Eminem,https://en.wikipedia.org/wiki/Eminem,A220,S21042
46,2003,Song Of The Year,Warren Zevon,Warren Zevon,Keep Me In Your Heart,Keep Me In Your Heart,0,Warren Zevon,https://en.wikipedia.org/wiki/Warren_Zevon,A2298,S135836
46,2003,Song Of The Year,Avril Lavigne,Avril Lavigne,I'M With You,I'm With You,0,Avril Lavigne,https://en.wikipedia.org/wiki/Avril_Lavigne,A589,S21962
46,2003,Song Of The Year,Christina Aguilera,Christina Aguilera,Beautiful,Beautiful,0,Christina Aguilera,https://en.wikipedia.org/wiki/Christina_Aguilera,A275,	S21761
46,2003,Best Rap Song,Eminem,Eminem,Lose Yourself,Lose Yourself,1,Eminem,https://en.wikipedia.org/wiki/Eminem,A220,S21042
46,2003,Best Rap Song,Missy Elliott,Missy Elliott,Work It,Work It,0,Missy Elliott,https://en.wikipedia.org/wiki/Missy_Elliott,A260,S20774
46,2003,Best Rap Song,50 Cent,50 Cent,In Da Club,In Da Club,0,50 Cent,https://en.wikipedia.org/wiki/50_Cent,A626,S22466
46,2003,Best Rap Song,Jay-Z,Jay-Z Featuring Pharrell Williams,Excuse Me Miss,Excuse Me Miss,0,Jayz,https://en.wikipedia.org/wiki/Jay-Z,A102,S22952
46,2003,Best Rap Song,Snoop Dogg,Snoop Dogg Featuring Pharrell & Uncle Charlie Wilson,Beautiful,Beautiful,0,Snoop Dogg,https://en.wikipedia.org/wiki/Snoop_Dogg,A17,S22868
45,2002,Record Of The Year,Norah Jones,Norah Jones,Don'T Know Why,Don't Know Why,1,Norah Jones,https://en.wikipedia.org/wiki/Norah_Jones,A613,S20977
45,2002,Record Of The Year,Nickelback,Nickelback,How You Remind Me,How You Remind Me,0,Nickelback,https://en.wikipedia.org/wiki/Nickelback,A528,S15474
45,2002,Record Of The Year,Nelly,Nelly Featuring Kelly Rowland,Dilemma,Dilemma,0,Nelly,https://en.wikipedia.org/wiki/Nelly,A381,S19853
45,2002,Record Of The Year,Eminem,Eminem,Without Me,Without Me,0,Eminem,https://en.wikipedia.org/wiki/Eminem,A220,S18943
45,2002,Record Of The Year,Vanessa Carlton,Vanessa Carlton,A Thousand Miles,A Thousand Miles,0,Vanessa Carlton,https://en.wikipedia.org/wiki/Vanessa_Carlton,A563,S17979
45,2002,Song Of The Year,Norah Jones,Norah Jones,Don'T Know Why,Don't Know Why,1,Norah Jones,https://en.wikipedia.org/wiki/Norah_Jones,A613,S20977
45,2002,Song Of The Year,Alan Jackson,Alan Jackson,Where Were You,Where Were You (When The World Stopped Turning),0,Alan Jackson,https://en.wikipedia.org/wiki/Alan_Jackson,A159,S16561
45,2002,Song Of The Year,Vanessa Carlton,Vanessa Carlton,A Thousand Miles,A Thousand Miles,0,Vanessa Carlton,https://en.wikipedia.org/wiki/Vanessa_Carlton,A563,S17979
45,2002,Song Of The Year,Bruce Springsteen,Bruce Springsteen,The Rising,The Rising,0,Bruce Springsteen,https://en.wikipedia.org/wiki/Bruce_Springsteen,A604,S20151
45,2002,Song Of The Year,Avril Lavigne,Avril Lavigne,Complicated,Complicated,0,Avril Lavigne,https://en.wikipedia.org/wiki/Avril_Lavigne,A589,S19267
44,2001,Record Of The Year,U2,U2,Walk On,Walk On,1,U2,https://en.wikipedia.org/wiki/U2,A166,S135837
44,2001,Record Of The Year,Train,Train,Drops Of Jupiter,Drops Of Jupiter,0,Train,https://en.wikipedia.org/wiki/Train_(band),A312,S12976
44,2001,Record Of The Year,Outkast,OutKast,Ms Jackson,Ms. Jackson,0,Outkast,https://en.wikipedia.org/wiki/Outkast,A173,S11154
44,2001,Record Of The Year,Alicia Keys,Alicia Keys,Fallin',Fallin',0,Alicia Keys,https://en.wikipedia.org/wiki/Alicia_Keys,A500,S14297
44,2001,Record Of The Year,India.Arie,India.Arie,Video,Video,0,Indiaarie,https://en.wikipedia.org/wiki/India_Arie,A481,S13179
44,2001,Song Of The Year,Alicia Keys,Alicia Keys,Fallin',Fallin',1,Alicia Keys,https://en.wikipedia.org/wiki/Alicia_Keys,A500,S14297
44,2001,Song Of The Year,India.Arie,India.Arie,Video,Video,0,Indiaarie,https://en.wikipedia.org/wiki/India_Arie,A481,S13179
44,2001,Song Of The Year,U2,U2,Stuck In A Moment You Can'T Get Out Of,Stuck In A Moment You Can't Get Out Of,0,U2,https://en.wikipedia.org/wiki/U2,A166,S15761
44,2001,Song Of The Year,Nelly Furtado,Nelly Furtado,I'M Like A Bird,I'm Like A Bird,0,Nelly Furtado,https://en.wikipedia.org/wiki/Nelly_Furtado,A467,S12765
44,2001,Song Of The Year,Train,Train,Drops Of Jupiter,Drops Of Jupiter,0,Train,https://en.wikipedia.org/wiki/Train_(band),A312,S12976
43,2000,Record Of The Year,U2,U2,Beautiful Day,Beautiful Day,1,U2,https://en.wikipedia.org/wiki/U2,A166,S10674
43,2000,Record Of The Year,Destiny'S Child,Destiny's Child,Say My Name,Say My Name ,0,Destinys Child,,A270,S6582
43,2000,Record Of The Year,Madonna,Madonna,Music,Music ,0,Madonna,https://en.wikipedia.org/wiki/Madonna,A37,S9840
43,2000,Record Of The Year,Macy Gray,Macy Gray,I Try,I Try ,0,Macy Gray,https://en.wikipedia.org/wiki/Macy_Gray,A352,S7367
43,2000,Record Of The Year,N Sync,N Sync,Bye Bye Bye,Bye Bye Bye ,0,N Sync,https://en.wikipedia.org/wiki/NSYNC,A161,S7041
43,2000,Song Of The Year,U2,U2,Beautiful Day,Beautiful Day,1,U2,https://en.wikipedia.org/wiki/U2,A166,S10674
43,2000,Song Of The Year,Destiny'S Child,Destiny's Child,Say My Name,Say My Name ,0,Destinys Child,,A270,S6582
43,2000,Song Of The Year,Macy Gray,Macy Gray,I Try,I Try ,0,Macy Gray,https://en.wikipedia.org/wiki/Macy_Gray,A352,S7367
43,2000,Song Of The Year,Lee Ann Womack,Lee Ann Womack,I Hope You Dance,I Hope You Dance ,0,Lee Ann Womack,https://en.wikipedia.org/wiki/Lee_Ann_Womack,A109,S8582
43,2000,Song Of The Year,Faith Hill,Faith Hill,Breathe,Breathe ,0,Faith Hill,https://en.wikipedia.org/wiki/Faith_Hill,A12,S5880
